"number","created_by","created_at","state","commits","merged_by","merged_at"
"3016","DenisCarriere","2017-02-19 07:56:05","closed","1","",""
"3015","falsyvalues","2017-02-16 20:51:27","closed","1","falsyvalues","2017-02-17 21:15:53"
"3013","passabilities","2017-02-15 21:30:55","closed","0","",""
"3012","Loilo","2017-02-15 21:11:41","closed","1","",""
"3010","falsyvalues","2017-02-15 11:04:14","closed","1","jdalton","2017-02-15 15:20:49"
"3008","falsyvalues","2017-02-15 08:54:44","closed","1","jdalton","2017-02-15 09:21:25"
"3007","falsyvalues","2017-02-15 08:53:06","closed","1","jdalton","2017-02-15 09:16:56"
"3002","falsyvalues","2017-02-13 10:07:15","closed","1","jdalton","2017-02-13 16:05:18"
"3001","falsyvalues","2017-02-13 09:57:30","closed","1","jdalton","2017-02-13 16:03:42"
"3000","falsyvalues","2017-02-13 09:18:36","closed","1","jdalton","2017-02-13 16:02:47"
"2999","falsyvalues","2017-02-13 08:41:29","closed","1","jdalton","2017-02-13 16:01:40"
"2996","wikibootup","2017-02-11 16:24:13","closed","1","jdalton","2017-02-11 19:42:20"
"2993","falsyvalues","2017-02-09 19:39:38","closed","1","jdalton","2017-02-09 21:54:29"
"2992","falsyvalues","2017-02-09 19:15:43","closed","1","jdalton","2017-02-09 19:26:59"
"2991","falsyvalues","2017-02-09 19:14:16","closed","1","jdalton","2017-02-09 19:27:46"
"2988","falsyvalues","2017-02-09 14:30:20","closed","1","jdalton","2017-02-09 16:21:11"
"2987","falsyvalues","2017-02-09 12:40:14","closed","1","",""
"2986","falsyvalues","2017-02-09 10:58:22","closed","1","jdalton","2017-02-09 16:19:32"
"2985","falsyvalues","2017-02-09 10:53:50","closed","1","jdalton","2017-02-09 16:20:04"
"2984","aozgaa","2017-02-08 19:42:58","closed","1","",""
"2975","Cinderella-Man","2017-02-05 06:23:23","closed","1","",""
"2971","ecmadao","2017-02-03 12:34:40","closed","1","jdalton","2017-02-03 17:55:34"
"2958","102","2017-01-27 11:51:58","closed","1","jdalton","2017-01-27 14:22:59"
"2948","kramsamujh","2017-01-24 15:48:47","closed","2","",""
"2941","jure","2017-01-19 10:34:47","closed","1","jdalton","2017-01-19 18:35:19"
"2940","guypeer8","2017-01-18 21:06:02","closed","0","",""
"2932","bertyhell","2017-01-13 18:51:25","closed","4","jdalton","2017-01-16 00:27:42"
"2925","bjarneo","2017-01-11 12:45:23","closed","0","jdalton","2017-01-11 15:53:30"
"2914","postama","2017-01-04 18:54:09","closed","1","jdalton","2017-01-04 18:59:13"
"2897","jdalton","2016-12-20 22:36:32","closed","1","jdalton","2016-12-20 22:36:38"
"2891","bigopon","2016-12-17 13:40:01","closed","1","",""
"2890","NTrukhanovets","2016-12-16 08:30:03","closed","0","",""
"2884","blackhawk389","2016-12-12 11:57:33","closed","2","",""
"2882","SathyaMT","2016-12-09 14:04:16","closed","2","",""
"2878","finnigantime","2016-12-08 02:45:06","closed","5","",""
"2877","finnigantime","2016-12-08 01:35:12","closed","4","",""
"2867","jdalton","2016-12-06 06:11:25","closed","1","jdalton","2016-12-06 06:11:29"
"2862","fhalde","2016-12-03 15:04:50","closed","1","",""
"2857","davewasmer","2016-12-01 00:13:38","closed","1","jdalton","2016-12-01 21:46:04"
"2856","greenkeeper[bot]","2016-11-29 21:33:07","closed","1","jdalton","2016-11-29 21:51:12"
"2849","lovasoa","2016-11-24 20:09:28","closed","2","jdalton","2016-11-24 21:12:14"
"2839","danielehrlich","2016-11-19 20:18:59","closed","9","",""
"2837","stephenlautier","2016-11-19 13:20:37","closed","5","",""
"2836","demns","2016-11-19 11:29:05","closed","2","",""
"2835","jdalton","2016-11-18 17:46:37","closed","1","jdalton","2016-11-18 17:46:41"
"2834","adeyahya","2016-11-18 10:40:03","closed","1","",""
"2803","greenkeeper[bot]","2016-11-10 21:21:52","closed","1","jdalton","2016-11-10 21:28:12"
"2802","seth2810","2016-11-10 14:19:41","closed","0","",""
"2794","avivr","2016-11-06 22:55:50","closed","4","jdalton","2016-11-07 00:43:26"
"2793","jhen0409","2016-11-06 18:57:12","closed","0","jdalton","2016-11-06 19:11:01"
"2788","galenjiang","2016-11-04 11:19:23","closed","1","",""
"2783","jdalton","2016-11-03 15:20:13","closed","1","jdalton","2016-11-03 15:20:21"
"2780","jdalton","2016-11-02 07:49:53","closed","1","jdalton","2016-11-02 07:50:01"
"2779","mfix22","2016-11-01 17:19:01","closed","1","",""
"2778","greenkeeper[bot]","2016-11-01 06:38:53","closed","1","",""
"2777","greenkeeper[bot]","2016-11-01 06:16:22","closed","1","jdalton","2016-11-01 07:55:16"
"2773","jdalton","2016-10-31 05:49:22","closed","1","jdalton","2016-10-31 05:49:27"
"2771","greenkeeperio-bot","2016-10-30 00:16:45","closed","1","jdalton","2016-10-30 01:29:41"
"2767","deser","2016-10-27 13:23:49","closed","1","",""
"2766","borisdiakur","2016-10-27 09:45:26","closed","0","",""
"2763","aboutqx","2016-10-27 07:20:17","closed","0","",""
"2762","jdalton","2016-10-27 07:08:28","closed","1","jdalton","2016-10-27 07:08:32"
"2757","jdalton","2016-10-25 21:22:50","closed","1","jdalton","2016-10-25 21:23:22"
"2756","jdalton","2016-10-25 21:22:24","closed","1","jdalton","2016-10-25 21:22:28"
"2755","gibson042","2016-10-25 20:07:37","closed","3","jdalton","2016-10-25 20:55:47"
"2751","jdalton","2016-10-24 17:15:27","closed","1","jdalton","2016-10-24 17:15:34"
"2745","jsoref","2016-10-20 15:39:34","closed","4","jdalton","2016-10-20 19:03:13"
"2743","jdalton","2016-10-19 15:02:04","closed","3","",""
"2742","murrayju","2016-10-18 21:08:28","closed","1","",""
"2741","sfinktah","2016-10-17 05:33:48","closed","4","",""
"2740","sfinktah","2016-10-17 05:15:00","closed","5","",""
"2737","pvnr0082t","2016-10-16 11:55:49","closed","1","",""
"2730","jdalton","2016-10-14 01:17:17","closed","1","jdalton","2016-10-14 01:17:24"
"2717","jdalton","2016-10-07 22:15:29","closed","1","jdalton","2016-10-07 22:15:35"
"2716","bhousel","2016-10-07 19:44:15","closed","2","",""
"2708","greenkeeperio-bot","2016-10-06 04:06:39","closed","3","",""
"2670","jdalton","2016-09-22 23:01:17","closed","1","jdalton","2016-09-22 23:01:20"
"2662","jdalton","2016-09-20 19:39:30","closed","1","jdalton","2016-09-20 19:39:37"
"2659","jdalton","2016-09-19 17:52:38","closed","1","jdalton","2016-09-19 17:52:44"
"2649","greenkeeperio-bot","2016-09-15 17:35:15","closed","1","jdalton","2016-09-15 17:53:25"
"2648","markstos","2016-09-15 17:07:14","closed","1","jdalton","2016-09-15 17:10:09"
"2610","thorn0","2016-08-29 11:28:34","closed","0","jdalton","2016-08-29 14:23:14"
"2608","micdemarco","2016-08-29 06:37:27","closed","1","",""
"2600","jdalton","2016-08-25 14:27:25","closed","2","",""
"2598","peterhry","2016-08-24 21:43:24","closed","1","",""
"2597","peterhry","2016-08-24 21:40:47","closed","1","",""
"2592","ZakariaRidouh","2016-08-23 23:57:52","closed","0","jdalton","2016-08-24 00:04:03"
"2590","greenkeeperio-bot","2016-08-21 20:17:11","closed","1","jdalton","2016-08-21 21:57:47"
"2585","jdalton","2016-08-18 17:43:30","closed","1","jdalton","2016-08-18 17:43:36"
"2581","greenkeeperio-bot","2016-08-17 18:42:20","closed","7","",""
"2580","greenkeeperio-bot","2016-08-17 06:58:24","closed","1","jdalton","2016-08-17 06:58:46"
"2575","greenkeeperio-bot","2016-08-14 20:09:18","closed","1","jdalton","2016-08-15 02:33:33"
"2572","greenkeeperio-bot","2016-08-12 14:56:27","closed","1","",""
"2570","jdalton","2016-08-10 23:38:51","closed","1","jdalton","2016-08-10 23:38:57"
"2567","greenkeeperio-bot","2016-08-09 17:49:49","closed","1","jdalton","2016-08-09 17:55:38"
"2564","jdalton","2016-08-07 23:06:13","closed","1","jdalton","2016-08-07 23:06:42"
"2556","greenkeeperio-bot","2016-08-02 02:33:57","closed","1","jdalton","2016-08-02 02:48:50"
"2548","danjm","2016-07-31 07:30:19","closed","1","jdalton","2016-07-31 07:54:48"
"2545","greenkeeperio-bot","2016-07-29 15:05:59","closed","1","jdalton","2016-07-29 15:15:53"
"2543","johannes-scharlach","2016-07-28 16:50:27","closed","2","jdalton","2016-07-28 20:00:18"
"2541","jdalton","2016-07-28 05:40:14","closed","1","jdalton","2016-07-28 05:40:17"
"2530","islemaster","2016-07-25 18:57:16","closed","1","jdalton","2016-07-25 20:31:13"
"2529","islemaster","2016-07-25 18:21:36","closed","1","jdalton","2016-07-25 19:15:22"
"2526","jdalton","2016-07-24 22:32:42","closed","1","jdalton","2016-07-24 22:32:46"
"2525","asduser","2016-07-24 20:38:31","closed","0","",""
"2523","jdalton","2016-07-23 01:41:58","closed","1","jdalton","2016-07-23 01:42:03"
"2522","jdalton","2016-07-23 01:41:36","closed","1","jdalton","2016-07-23 01:41:41"
"2513","jdalton","2016-07-21 01:21:06","closed","1","jdalton","2016-07-21 01:21:10"
"2507","ryanve","2016-07-18 18:59:43","closed","0","",""
"2505","greenkeeperio-bot","2016-07-18 14:44:35","closed","1","jdalton","2016-07-18 14:45:27"
"2503","daedalus28","2016-07-17 20:04:35","closed","1","jdalton","2016-07-17 20:55:36"
"2498","jdalton","2016-07-13 01:23:13","closed","1","jdalton","2016-07-13 01:23:20"
"2497","greenkeeperio-bot","2016-07-13 00:33:17","closed","1","jdalton","2016-07-13 01:03:15"
"2495","pimterry","2016-07-12 12:36:24","closed","1","",""
"2489","greenkeeperio-bot","2016-07-09 07:58:54","closed","1","jdalton","2016-07-09 22:52:13"
"2483","jdalton","2016-07-07 23:43:20","closed","1","jdalton","2016-07-07 23:43:22"
"2482","jdalton","2016-07-07 23:43:00","closed","1","jdalton","2016-07-07 23:43:03"
"2474","G07cha","2016-07-04 09:38:05","closed","1","jdalton","2016-07-04 14:31:29"
"2471","jdalton","2016-07-04 02:07:23","closed","1","jdalton","2016-07-04 02:07:28"
"2470","greenkeeperio-bot","2016-07-03 19:53:38","closed","1","jdalton","2016-07-04 02:06:17"
"2468","Y-Less","2016-07-02 14:46:00","closed","1","jdalton","2016-07-02 16:36:50"
"2465","demoneaux","2016-07-02 06:49:57","closed","1","jdalton","2016-07-02 14:15:01"
"2461","zackhall","2016-07-01 05:05:05","closed","1","jdalton","2016-07-01 17:45:20"
"2460","staticshock","2016-07-01 00:14:23","closed","0","",""
"2453","realdubb","2016-06-28 19:36:40","closed","4","",""
"2452","tbroadley","2016-06-26 13:56:20","closed","1","",""
"2449","danjm","2016-06-25 01:54:24","closed","1","jdalton","2016-06-25 02:10:41"
"2444","jdalton","2016-06-22 13:50:22","closed","1","jdalton","2016-06-22 13:50:25"
"2443","greenkeeperio-bot","2016-06-22 11:22:11","closed","1","jdalton","2016-06-22 13:30:41"
"2440","jdalton","2016-06-21 02:00:29","closed","1","jdalton","2016-06-21 02:00:32"
"2438","greenkeeperio-bot","2016-06-20 16:54:56","closed","1","jdalton","2016-06-20 17:09:44"
"2436","greenkeeperio-bot","2016-06-19 20:04:17","closed","1","jdalton","2016-06-19 20:06:11"
"2432","greenkeeperio-bot","2016-06-17 08:31:43","closed","1","jdalton","2016-06-17 13:33:27"
"2430","jdalton","2016-06-16 20:00:08","closed","1","jdalton","2016-06-16 20:00:13"
"2429","greenkeeperio-bot","2016-06-16 17:37:03","closed","1","",""
"2428","brandonhorst","2016-06-16 17:00:29","closed","1","jdalton","2016-06-16 17:08:04"
"2427","gudnm","2016-06-16 14:18:53","closed","1","",""
"2422","danjm","2016-06-15 23:26:58","closed","1","jdalton","2016-06-16 00:21:20"
"2417","jdalton","2016-06-10 11:03:59","closed","1","jdalton","2016-06-10 11:04:02"
"2416","greenkeeperio-bot","2016-06-09 18:42:48","closed","1","jdalton","2016-06-09 19:15:08"
"2407","greenkeeperio-bot","2016-06-07 06:15:13","closed","1","jdalton","2016-06-07 06:17:14"
"2401","jdalton","2016-06-06 05:49:04","closed","1","jdalton","2016-06-06 05:49:12"
"2400","efender","2016-06-05 21:35:12","closed","1","",""
"2398","idubinskiy","2016-06-04 18:58:46","closed","1","",""
"2394","jdalton","2016-06-02 22:25:42","closed","1","jdalton","2016-06-02 22:25:52"
"2392","goldylucks","2016-05-30 11:37:45","closed","0","",""
"2384","charlierudolph","2016-05-25 15:59:47","closed","1","",""
"2381","Mathius17","2016-05-24 23:45:51","closed","0","jdalton","2016-05-25 01:05:37"
"2371","greenkeeperio-bot","2016-05-23 16:34:23","closed","5","",""
"2369","jdalton","2016-05-23 14:59:06","closed","2","jdalton","2016-05-23 15:38:46"
"2366","greenkeeperio-bot","2016-05-23 05:22:08","closed","1","",""
"2361","jdalton","2016-05-21 04:45:55","closed","1","jdalton","2016-05-21 04:45:58"
"2360","jdalton","2016-05-21 04:45:18","closed","2","",""
"2355","arendjr","2016-05-19 14:48:21","closed","1","jdalton","2016-05-19 15:01:17"
"2344","punit1108","2016-05-17 13:38:22","closed","0","",""
"2336","jdalton","2016-05-14 02:59:26","closed","1","jdalton","2016-05-14 02:59:32"
"2332","jfmengels","2016-05-12 21:38:44","closed","2","jdalton","2016-05-12 21:52:29"
"2325","greenkeeperio-bot","2016-05-12 09:12:56","closed","1","jdalton","2016-05-12 13:31:17"
"2322","greenkeeperio-bot","2016-05-10 23:55:28","closed","1","jdalton","2016-05-10 23:56:36"
"2294","greenkeeperio-bot","2016-05-01 20:54:00","closed","1","jdalton","2016-05-02 01:17:42"
"2290","adjohnson916","2016-04-30 18:38:41","closed","1","jdalton","2016-05-01 03:02:58"
"2289","jfmengels","2016-04-30 09:25:57","closed","1","jdalton","2016-04-30 14:02:58"
"2286","Widdershin","2016-04-29 08:29:55","closed","3","jdalton","2016-04-29 17:27:51"
"2285","greenkeeperio-bot","2016-04-28 15:05:56","closed","1","jdalton","2016-04-28 16:20:40"
"2283","greenkeeperio-bot","2016-04-27 15:09:47","closed","1","jdalton","2016-04-27 15:12:17"
"2281","iblamefish","2016-04-26 10:46:53","closed","1","jdalton","2016-04-26 18:55:46"
"2263","jcataluna","2016-04-18 22:10:25","closed","1","",""
"2259","greenkeeperio-bot","2016-04-18 11:05:49","closed","1","jdalton","2016-04-18 11:11:48"
"2256","greenkeeperio-bot","2016-04-15 12:07:55","closed","1","jdalton","2016-04-15 14:12:17"
"2253","greenkeeperio-bot","2016-04-14 17:46:56","closed","1","jdalton","2016-04-14 17:49:25"
"2250","b3nj4m","2016-04-13 21:25:59","closed","1","jdalton","2016-04-13 21:50:55"
"2245","greenkeeperio-bot","2016-04-13 16:15:07","closed","1","",""
"2244","jfmengels","2016-04-13 16:12:02","closed","1","jdalton","2016-04-13 16:39:10"
"2234","greenkeeperio-bot","2016-04-11 15:34:17","closed","1","",""
"2230","greenkeeperio-bot","2016-04-10 22:59:00","closed","1","jdalton","2016-04-10 23:11:21"
"2220","AquariusFR","2016-04-07 13:43:49","closed","5","",""
"2218","jdalton","2016-04-07 06:35:53","closed","1","jdalton","2016-04-07 06:36:08"
"2209","greenkeeperio-bot","2016-04-05 19:46:21","closed","1","jdalton","2016-04-05 20:04:10"
"2203","jdalton","2016-04-04 15:17:30","closed","1","",""
"2196","craigmichaelmartin","2016-04-01 20:21:28","closed","1","jdalton","2016-04-01 20:29:59"
"2194","greenkeeperio-bot","2016-04-01 15:28:51","closed","1","jdalton","2016-04-01 15:54:11"
"2189","greenkeeperio-bot","2016-03-31 16:36:22","closed","1","",""
"2188","Victorystick","2016-03-31 16:10:01","closed","1","jdalton","2016-03-31 16:33:57"
"2183","SHAHRUKH-KHAN","2016-03-31 07:55:01","closed","1","",""
"2182","SHAHRUKH-KHAN","2016-03-31 07:54:42","closed","2","",""
"2180","captbaritone","2016-03-31 01:41:47","closed","1","jdalton","2016-03-31 02:02:33"
"2179","Scorgonhene","2016-03-31 01:34:18","closed","3","",""
"2177","craigmichaelmartin","2016-03-30 18:17:30","closed","1","jdalton","2016-03-30 19:02:25"
"2176","jdalton","2016-03-30 15:35:15","closed","1","jdalton","2016-03-30 15:35:28"
"2172","jdalton","2016-03-29 19:26:28","closed","1","jdalton","2016-03-29 19:29:08"
"2170","continuata","2016-03-29 10:47:59","closed","1","",""
"2160","greenkeeperio-bot","2016-03-27 23:17:42","closed","1","jdalton","2016-03-27 23:28:44"
"2156","justsml","2016-03-26 23:26:53","closed","1","",""
"2154","greenkeeperio-bot","2016-03-25 20:27:15","closed","1","jdalton","2016-03-25 20:31:54"
"2151","jdalton","2016-03-25 03:56:33","closed","1","jdalton","2016-03-25 03:56:54"
"2150","TuckerWhitehouse","2016-03-24 19:39:35","closed","0","jdalton","2016-03-25 02:00:28"
"2149","greenkeeperio-bot","2016-03-24 18:37:54","closed","1","jdalton","2016-03-24 20:56:30"
"2147","kentcdodds","2016-03-24 15:03:11","closed","1","jdalton","2016-03-24 16:33:39"
"2146","kentcdodds","2016-03-23 15:37:24","closed","1","jdalton","2016-03-23 20:32:55"
"2145","fdegiuli","2016-03-22 22:58:01","closed","3","jdalton","2016-03-24 17:40:42"
"2136","greenkeeperio-bot","2016-03-21 07:09:48","closed","1","",""
"2135","greenkeeperio-bot","2016-03-21 07:07:20","closed","1","jdalton","2016-03-21 07:38:32"
"2132","mhelvens","2016-03-19 22:42:05","closed","2","",""
"2125","jdalton","2016-03-18 02:55:21","closed","1","jdalton","2016-03-18 02:55:25"
"2124","jdalton","2016-03-17 18:02:54","closed","1","jdalton","2016-03-17 18:03:07"
"2121","jfmengels","2016-03-16 21:00:43","closed","1","jdalton","2016-03-16 21:32:20"
"2118","greenkeeperio-bot","2016-03-16 14:17:41","closed","1","jdalton","2016-03-16 14:57:35"
"2104","libreninja","2016-03-12 19:21:13","closed","1","jdalton","2016-03-13 04:06:24"
"2093","bman654","2016-03-07 19:57:30","closed","3","jdalton","2016-03-07 21:36:56"
"2087","jdalton","2016-03-06 02:31:45","closed","1","jdalton","2016-03-06 02:31:49"
"2083","epeli","2016-03-03 17:45:06","closed","2","jdalton","2016-03-03 23:36:27"
"2082","dmethvin","2016-03-03 16:20:26","closed","1","jdalton","2016-03-03 20:00:32"
"2080","not-an-aardvark","2016-03-03 05:52:16","closed","0","",""
"2079","jfmengels","2016-03-03 02:09:36","closed","1","jdalton","2016-03-03 15:08:16"
"2078","jdalton","2016-03-02 19:56:06","closed","1","jdalton","2016-03-02 19:56:10"
"2076","greenkeeperio-bot","2016-03-02 18:57:17","closed","1","",""
"2067","wezzy","2016-02-28 17:19:09","closed","1","",""
"2066","GreenPioneer","2016-02-28 10:33:25","closed","1","",""
"2062","jdalton","2016-02-27 06:06:49","closed","1","jdalton","2016-02-27 06:06:52"
"2061","jfmengels","2016-02-26 16:33:51","closed","1","jdalton","2016-02-26 17:28:59"
"2060","dannyfallon","2016-02-26 14:29:30","closed","1","jdalton","2016-02-26 20:46:57"
"2056","pladaria","2016-02-25 16:41:23","closed","0","",""
"2047","francisdb","2016-02-24 17:23:46","closed","1","jdalton","2016-02-24 17:46:57"
"2046","francisdb","2016-02-24 17:16:10","closed","1","",""
"2043","jfmengels","2016-02-23 21:59:28","closed","1","jdalton","2016-02-23 22:03:19"
"2042","greenkeeperio-bot","2016-02-23 16:15:03","closed","1","jdalton","2016-02-23 16:30:29"
"2038","jdalton","2016-02-23 07:35:19","closed","1","jdalton","2016-02-23 07:35:23"
"2036","greenkeeperio-bot","2016-02-22 19:46:49","closed","1","jdalton","2016-02-22 19:47:27"
"2035","jdalton","2016-02-22 19:38:34","closed","1","jdalton","2016-02-22 19:38:40"
"2034","greenkeeperio-bot","2016-02-22 15:34:57","closed","1","",""
"2028","jmm","2016-02-20 00:11:18","closed","3","",""
"2027","bsonntag","2016-02-19 20:30:19","closed","1","jdalton","2016-02-19 21:43:50"
"2026","demoneaux","2016-02-19 10:01:22","closed","1","jdalton","2016-02-19 15:27:32"
"2024","hankhero","2016-02-19 07:15:33","closed","1","jdalton","2016-02-19 07:57:18"
"2013","MylesBorins","2016-02-17 21:04:18","closed","1","jdalton","2016-02-17 21:05:03"
"2010","greenkeeperio-bot","2016-02-17 08:54:57","closed","1","",""
"2003","greenkeeperio-bot","2016-02-16 08:00:02","closed","1","",""
"2002","megawac","2016-02-16 00:08:35","closed","1","jdalton","2016-02-16 00:32:41"
"2001","greenkeeperio-bot","2016-02-15 18:52:29","closed","1","jdalton","2016-02-15 19:01:44"
"1993","megawac","2016-02-12 20:18:46","closed","7","jdalton","2016-02-13 16:32:55"
"1989","jfmengels","2016-02-12 10:48:16","closed","1","demoneaux","2016-02-12 11:42:35"
"1986","jfmengels","2016-02-11 22:38:35","closed","1","jdalton","2016-02-11 22:44:09"
"1979","greenkeeperio-bot","2016-02-10 19:38:39","closed","1","jdalton","2016-02-10 20:07:42"
"1977","ArturBaybulatov","2016-02-10 16:25:36","closed","0","jdalton","2016-02-10 16:30:04"
"1972","captbaritone","2016-02-10 02:37:56","closed","1","jdalton","2016-02-10 03:14:52"
"1970","billyjanitsch","2016-02-10 01:12:05","closed","0","jdalton","2016-02-10 02:08:47"
"1969","jfmengels","2016-02-10 00:23:53","closed","1","jdalton","2016-02-10 00:31:50"
"1963","jfmengels","2016-02-09 11:07:10","closed","9","jdalton","2016-02-10 01:08:36"
"1961","msmorgan","2016-02-08 23:19:59","closed","1","jdalton","2016-02-10 00:09:13"
"1957","greenkeeperio-bot","2016-02-08 09:44:17","closed","1","",""
"1954","rtstewart","2016-02-07 19:26:54","closed","2","jdalton","2016-02-07 22:52:49"
"1953","Gruximillian","2016-02-07 19:05:51","closed","7","",""
"1952","dcorb","2016-02-07 00:21:06","closed","2","jdalton","2016-02-07 01:13:09"
"1950","tgrrtt","2016-02-05 21:12:36","closed","1","jdalton","2016-02-05 21:23:00"
"1947","greenkeeperio-bot","2016-02-04 22:07:58","closed","1","",""
"1936","greenkeeperio-bot","2016-02-03 16:51:52","closed","1","",""
"1933","pra85","2016-02-03 05:05:02","closed","1","jdalton","2016-02-03 05:22:39"
"1931","nthtran","2016-02-03 03:46:06","closed","1","jdalton","2016-02-03 04:12:44"
"1926","greenkeeperio-bot","2016-02-02 09:00:59","closed","1","",""
"1925","laispace","2016-02-02 07:47:40","closed","1","",""
"1924","laispace","2016-02-02 07:40:08","closed","1","jdalton","2016-02-02 07:42:47"
"1922","jjt","2016-02-01 19:37:37","closed","2","jdalton","2016-02-02 04:05:25"
"1920","trevhud","2016-02-01 16:14:17","closed","3","jdalton","2016-02-01 16:19:31"
"1919","greenkeeperio-bot","2016-02-01 13:18:34","closed","1","jdalton","2016-02-01 15:21:52"
"1918","onumossn","2016-02-01 04:55:35","closed","1","jdalton","2016-02-01 05:21:13"
"1915","demoneaux","2016-01-31 13:51:02","closed","1","jdalton","2016-01-31 16:39:32"
"1913","billyjanitsch","2016-01-31 00:53:56","closed","0","",""
"1912","billyjanitsch","2016-01-31 00:37:02","closed","0","jdalton","2016-01-31 00:49:20"
"1907","VanTanev","2016-01-30 00:56:21","closed","1","jdalton","2016-01-30 01:01:32"
"1902","greenkeeperio-bot","2016-01-29 17:19:43","closed","1","",""
"1899","ooflorent","2016-01-29 08:28:53","closed","0","jdalton","2016-01-29 08:40:44"
"1898","greenkeeperio-bot","2016-01-29 06:09:02","closed","5","",""
"1897","jfmengels","2016-01-29 02:11:42","closed","1","jdalton","2016-01-29 02:15:35"
"1895","craigmichaelmartin","2016-01-28 18:18:56","closed","1","jdalton","2016-01-28 20:25:31"
"1888","nkt","2016-01-27 00:14:56","closed","3","",""
"1887","jfmengels","2016-01-26 22:05:05","closed","1","jdalton","2016-01-27 02:20:31"
"1885","kentcdodds","2016-01-26 16:49:06","closed","1","jdalton","2016-01-26 17:54:41"
"1873","carlbennettnz","2016-01-25 01:27:08","closed","3","",""
"1866","silviom","2016-01-22 22:23:16","closed","1","",""
"1855","billyjanitsch","2016-01-20 23:31:25","closed","0","jdalton","2016-01-21 02:03:42"
"1854","billyjanitsch","2016-01-20 23:25:18","closed","0","jdalton","2016-01-21 02:03:19"
"1839","think2011","2016-01-19 14:33:11","closed","1","",""
"1832","hzamani","2016-01-19 00:09:15","closed","1","jdalton","2016-02-26 09:26:55"
"1830","nacmartin","2016-01-18 17:32:33","closed","1","jdalton","2016-01-19 00:17:18"
"1822","demoneaux","2016-01-17 10:43:09","closed","1","jdalton","2016-01-17 15:38:07"
"1821","demoneaux","2016-01-17 10:16:44","closed","3","",""
"1817","think2011","2016-01-17 04:08:43","closed","1","jdalton","2016-01-17 04:46:47"
"1815","iemejia","2016-01-16 13:35:04","closed","0","demoneaux","2016-01-16 14:06:51"
"1809","steelsojka","2016-01-15 19:31:11","closed","1","jdalton","2016-01-15 21:08:59"
"1807","binhqx","2016-01-15 17:34:28","closed","0","",""
"1803","jfmengels","2016-01-15 09:52:06","closed","1","jdalton","2016-01-15 09:57:33"
"1797","beaugunderson","2016-01-14 19:53:23","closed","2","jdalton","2016-01-15 03:37:25"
"1793","oakfang","2016-01-14 13:33:51","closed","1","jdalton","2016-01-14 14:54:05"
"1786","qsona","2016-01-14 05:53:39","closed","1","jdalton","2016-01-14 05:57:51"
"1779","epeli","2016-01-13 21:14:51","closed","2","jdalton","2016-01-14 16:01:46"
"1770","think2011","2016-01-13 15:03:25","closed","1","jdalton","2016-01-13 15:45:20"
"1763","matias-capeletto","2016-01-13 13:36:57","closed","1","jdalton","2016-01-13 15:45:43"
"1762","StreetStrider","2016-01-13 12:46:46","closed","0","jdalton","2016-01-13 15:43:46"
"1761","abhas9","2016-01-13 12:35:26","closed","1","megawac","2016-01-13 14:14:07"
"1751","greenkeeperio-bot","2016-01-13 01:53:00","closed","1","jdalton","2016-01-13 02:29:31"
"1739","krawaller","2016-01-10 18:56:39","closed","2","",""
"1735","jareware","2016-01-05 21:16:26","closed","3","jdalton","2016-01-06 04:40:41"
"1734","boneskull","2016-01-05 06:15:51","closed","1","jdalton","2016-01-05 15:29:55"
"1730","jdalton","2016-01-04 15:13:36","closed","4","",""
"1728","jdalton","2016-01-02 22:21:21","closed","1","jdalton","2016-01-02 22:21:27"
"1721","demoneaux","2015-12-25 08:24:24","closed","1","jdalton","2015-12-25 13:40:10"
"1718","flyyang","2015-12-23 11:10:33","closed","0","jdalton","2015-12-23 14:53:08"
"1717","jmiziolek","2015-12-22 20:26:17","closed","1","",""
"1716","jdalton","2015-12-22 07:34:50","closed","1","jdalton","2015-12-22 07:34:58"
"1709","ahamid","2015-12-17 23:55:29","closed","2","jdalton","2015-12-18 00:19:23"
"1707","demoneaux","2015-12-16 05:42:50","closed","2","jdalton","2015-12-16 05:54:18"
"1699","jdalton","2015-12-10 21:27:25","closed","1","jdalton","2015-12-10 21:27:28"
"1693","jdalton","2015-12-09 07:26:23","closed","1","jdalton","2015-12-09 07:26:30"
"1688","greenkeeperio-bot","2015-12-05 11:46:43","closed","1","jdalton","2015-12-05 19:35:04"
"1676","greenkeeperio-bot","2015-11-30 16:27:52","closed","1","jdalton","2015-11-30 17:19:12"
"1674","wavebeem","2015-11-29 23:21:42","closed","1","jdalton","2015-11-30 03:35:23"
"1661","aguspina","2015-11-25 00:37:26","closed","2","",""
"1660","greenkeeperio-bot","2015-11-24 18:45:34","closed","1","jdalton","2015-11-24 20:00:18"
"1659","jdalton","2015-11-24 08:21:03","closed","1","jdalton","2015-11-24 08:21:07"
"1653","jdalton","2015-11-20 16:12:50","closed","1","jdalton","2015-11-20 16:12:54"
"1648","jdalton","2015-11-18 23:34:58","closed","1","",""
"1647","jdalton","2015-11-18 23:34:40","closed","1","jdalton","2015-11-18 23:34:46"
"1646","J3remyD","2015-11-18 16:19:44","closed","0","",""
"1645","J3remyD","2015-11-18 14:56:33","closed","0","",""
"1644","greenkeeperio-bot","2015-11-16 10:13:44","closed","1","jdalton","2015-11-16 15:34:01"
"1643","jdalton","2015-11-16 07:36:16","closed","1","jdalton","2015-11-16 07:36:23"
"1633","J3remyD","2015-11-12 12:53:22","closed","0","",""
"1632","greenkeeperio-bot","2015-11-12 10:50:10","closed","1","jdalton","2015-11-12 15:39:07"
"1630","DavidMoritz","2015-11-11 16:17:45","closed","1","",""
"1627","aguspina","2015-11-10 19:21:36","closed","1","jdalton","2015-11-11 07:34:52"
"1626","jasonkarns","2015-11-09 15:45:17","closed","1","jdalton","2015-11-09 16:24:59"
"1625","jasonkarns","2015-11-09 14:06:50","closed","1","jdalton","2015-11-09 14:16:44"
"1620","jdalton","2015-11-06 18:52:29","closed","1","jdalton","2015-11-06 18:52:32"
"1619","J3remyD","2015-11-06 15:57:11","closed","0","jdalton","2015-11-08 02:57:44"
"1613","Xotic750","2015-11-04 00:20:48","closed","1","jdalton","2015-11-05 05:47:34"
"1612","Xotic750","2015-11-03 15:54:24","closed","1","jdalton","2015-11-04 20:27:13"
"1611","Xotic750","2015-11-03 15:44:45","closed","1","jdalton","2015-11-05 05:09:18"
"1610","Xotic750","2015-11-03 14:55:24","closed","2","jdalton","2015-11-05 05:12:45"
"1609","Xotic750","2015-11-03 10:36:22","closed","1","jdalton","2015-11-03 12:07:38"
"1608","Xotic750","2015-11-03 10:28:49","closed","1","jdalton","2015-11-03 12:08:03"
"1607","Xotic750","2015-11-03 10:06:04","closed","1","jdalton","2015-11-03 12:08:30"
"1606","Xotic750","2015-11-03 10:00:21","closed","1","jdalton","2015-11-03 12:08:58"
"1605","Xotic750","2015-11-03 09:20:13","closed","2","jdalton","2015-11-03 12:10:19"
"1604","greenkeeperio-bot","2015-11-03 03:07:49","closed","1","jdalton","2015-11-03 03:46:25"
"1601","Xotic750","2015-11-02 11:25:18","closed","1","jdalton","2015-11-02 15:43:16"
"1599","Xotic750","2015-11-02 11:16:25","closed","1","jdalton","2015-11-02 15:43:48"
"1598","Xotic750","2015-11-02 10:59:05","closed","1","jdalton","2015-11-02 16:12:53"
"1596","Xotic750","2015-11-01 22:27:17","closed","1","",""
"1594","Xotic750","2015-10-30 21:29:02","closed","3","jdalton","2015-10-30 22:54:08"
"1592","Xotic750","2015-10-30 20:05:24","closed","2","jdalton","2015-10-30 22:55:18"
"1591","Xotic750","2015-10-30 18:59:06","closed","1","jdalton","2015-10-30 19:19:32"
"1587","machineloop","2015-10-30 04:26:37","closed","1","",""
"1583","greenkeeperio-bot","2015-10-29 16:44:43","closed","1","jdalton","2015-10-29 17:18:29"
"1580","nickbalestra","2015-10-29 02:16:58","closed","1","",""
"1577","Xotic750","2015-10-28 02:32:22","closed","41","",""
"1576","Xotic750","2015-10-28 00:05:49","closed","1","jdalton","2015-10-28 00:15:22"
"1573","greenkeeperio-bot","2015-10-27 17:55:36","closed","1","jdalton","2015-10-27 23:27:55"
"1571","fdegiuli","2015-10-26 20:39:28","closed","2","",""
"1570","fdegiuli","2015-10-26 20:39:08","closed","1","jdalton","2015-10-26 20:49:51"
"1569","Xotic750","2015-10-26 20:18:15","closed","1","jdalton","2015-10-26 20:20:55"
"1567","jdalton","2015-10-26 02:00:19","closed","1","jdalton","2015-10-26 02:00:26"
"1564","greenkeeperio-bot","2015-10-25 17:25:43","closed","1","jdalton","2015-10-25 18:39:15"
"1562","greenkeeperio-bot","2015-10-24 22:04:05","closed","1","jdalton","2015-10-24 22:06:01"
"1559","rafaelfranca","2015-10-23 21:40:21","closed","1","",""
"1555","Xotic750","2015-10-22 14:14:39","closed","2","jdalton","2015-10-23 00:09:42"
"1551","Xotic750","2015-10-21 23:40:22","closed","7","jdalton","2015-10-22 00:45:06"
"1544","Xotic750","2015-10-21 13:39:54","closed","1","jdalton","2015-10-21 15:14:30"
"1543","Xotic750","2015-10-21 13:26:10","closed","5","",""
"1541","exogen","2015-10-20 03:44:06","closed","5","",""
"1538","kborchers","2015-10-17 20:19:57","closed","1","jdalton","2015-10-17 20:20:40"
"1537","greenkeeperio-bot","2015-10-17 05:16:42","closed","1","jdalton","2015-10-17 14:13:35"
"1536","sfinktah","2015-10-16 16:04:27","closed","1","jdalton","2015-10-16 17:05:50"
"1535","mathiasbynens","2015-10-16 15:38:42","closed","0","jdalton","2015-10-16 16:00:36"
"1532","greenkeeperio-bot","2015-10-14 19:52:55","closed","1","jdalton","2015-10-14 20:33:48"
"1527","greenkeeperio-bot","2015-10-14 08:17:45","closed","1","jdalton","2015-10-14 13:38:47"
"1522","greenkeeperio-bot","2015-10-12 15:47:23","closed","1","jdalton","2015-10-12 16:28:20"
"1520","miromannino","2015-10-12 09:45:55","closed","7","",""
"1519","greenkeeperio-bot","2015-10-11 18:13:10","closed","1","jdalton","2015-10-11 23:33:25"
"1518","greenkeeperio-bot","2015-10-10 20:35:39","closed","1","jdalton","2015-10-10 20:43:02"
"1516","greenkeeperio-bot","2015-10-09 13:17:39","closed","1","jdalton","2015-10-09 15:02:44"
"1511","Droogans","2015-10-05 20:29:47","closed","1","jdalton","2015-10-05 20:56:42"
"1508","jdalton","2015-10-04 22:51:30","closed","1","",""
"1499","tquetano-r7","2015-09-30 01:58:22","closed","1","",""
"1497","benweet","2015-09-29 20:58:00","closed","1","",""
"1489","jshanson7","2015-09-25 00:33:22","closed","2","",""
"1488","timruffles","2015-09-24 09:23:13","closed","1","jdalton","2015-09-24 15:06:04"
"1487","tejokumar","2015-09-24 08:18:36","closed","4","jdalton","2015-10-13 20:29:24"
"1486","reggi","2015-09-24 00:23:29","closed","1","jdalton","2015-09-24 01:57:25"
"1481","hairyhenderson","2015-09-23 01:28:34","closed","1","",""
"1480","andersonaguiar","2015-09-23 01:06:37","closed","1","jdalton","2015-09-23 02:10:08"
"1476","stewx","2015-09-17 13:13:19","closed","1","",""
"1458","rhys-vdw","2015-09-12 02:46:49","closed","1","jdalton","2015-09-12 03:24:55"
"1452","chrootsu","2015-09-09 23:33:23","closed","1","jdalton","2015-09-10 00:03:54"
"1451","phillipalexander","2015-09-09 03:53:19","closed","1","jdalton","2015-09-09 04:07:04"
"1443","PhiLhoSoft","2015-09-04 11:06:08","closed","1","jdalton","2015-09-04 16:41:13"
"1440","rheh","2015-09-03 18:48:06","closed","2","jdalton","2015-09-03 19:45:41"
"1433","rheh","2015-09-02 20:57:37","closed","7","jdalton","2015-09-03 15:05:02"
"1432","rheh","2015-09-02 20:13:34","closed","1","jdalton","2015-09-02 20:14:21"
"1431","rheh","2015-09-02 17:04:25","closed","1","jdalton","2015-09-02 17:23:51"
"1429","NTag","2015-09-02 16:02:11","closed","0","",""
"1427","rheh","2015-09-02 14:46:09","closed","1","",""
"1424","falsyvalues","2015-09-02 09:39:50","closed","1","jdalton","2015-09-03 15:25:32"
"1423","rheh","2015-09-02 09:17:20","closed","1","jdalton","2015-09-02 14:17:22"
"1422","megawac","2015-08-31 17:46:44","closed","1","jdalton","2015-09-01 00:54:55"
"1421","menelaos","2015-08-31 16:19:47","closed","4","",""
"1420","megawac","2015-08-31 01:53:27","closed","1","jdalton","2015-08-31 04:01:48"
"1419","nbellowe","2015-08-30 07:21:07","closed","4","jdalton","2015-08-30 10:14:45"
"1417","onumossn","2015-08-29 01:54:23","closed","2","",""
"1416","onumossn","2015-08-29 01:50:12","closed","4","",""
"1407","178220709","2015-08-24 09:23:18","closed","0","",""
"1405","MaxPRafferty","2015-08-21 18:58:03","closed","1","jdalton","2015-08-21 19:08:58"
"1403","xixilive","2015-08-20 10:27:35","closed","1","",""
"1402","xixilive","2015-08-20 05:23:45","closed","1","jdalton","2015-08-20 07:10:31"
"1401","xixilive","2015-08-20 04:38:37","closed","1","",""
"1396","jasonLaster","2015-08-13 14:53:42","closed","1","",""
"1386","ricardohbin","2015-08-07 18:11:24","closed","1","",""
"1374","frankPairs","2015-07-29 23:02:42","closed","0","",""
"1368","jasnell","2015-07-25 19:18:59","closed","1","jdalton","2015-07-25 20:36:15"
"1360","manikandants","2015-07-22 11:53:10","closed","74","",""
"1357","megawac","2015-07-20 23:41:07","closed","1","jdalton","2015-07-20 23:54:25"
"1350","LeekAnarchism","2015-07-15 21:14:06","closed","1","jdalton","2015-07-16 21:07:32"
"1348","lekoaf","2015-07-15 14:21:38","closed","1","",""
"1341","megawac","2015-07-13 14:35:08","closed","1","",""
"1340","iamolivinius","2015-07-13 14:01:28","closed","2","",""
"1338","megawac","2015-07-12 23:12:40","closed","1","jdalton","2015-07-12 23:46:45"
"1337","megawac","2015-07-12 19:48:12","closed","1","",""
"1334","James-Dunn","2015-07-12 10:35:26","closed","1","",""
"1326","lslah","2015-07-08 19:42:04","closed","1","jdalton","2015-07-08 20:06:49"
"1322","megawac","2015-07-07 01:03:27","closed","1","jdalton","2015-07-07 04:53:57"
"1321","cmrnh","2015-07-06 21:07:07","closed","1","",""
"1311","megawac","2015-07-01 18:30:25","closed","1","",""
"1300","megawac","2015-06-23 17:52:11","closed","2","jdalton","2015-06-24 00:33:20"
"1298","danielxiaowxx","2015-06-23 14:57:50","closed","9","",""
"1297","mathiasbynens","2015-06-23 13:47:43","closed","0","jdalton","2015-06-23 14:01:49"
"1296","megawac","2015-06-23 00:59:33","closed","1","jdalton","2015-06-23 02:05:33"
"1295","calebboyd","2015-06-21 06:05:39","closed","0","",""
"1294","megawac","2015-06-20 23:42:55","closed","1","jdalton","2015-06-21 01:07:28"
"1288","arendjr","2015-06-19 09:40:12","closed","1","",""
"1280","JLHwung","2015-06-14 01:25:33","closed","0","",""
"1276","kkirsche","2015-06-10 22:32:51","closed","1","jdalton","2015-06-10 23:30:52"
"1270","dashed","2015-06-09 04:58:44","closed","3","",""
"1266","thejameskyle","2015-06-08 02:03:59","closed","1","jdalton","2015-06-08 02:28:49"
"1265","InstyleVII","2015-06-07 19:36:16","closed","3","",""
"1259","Yomguithereal","2015-06-02 18:23:57","closed","0","",""
"1254","szarsti","2015-06-01 11:24:03","closed","1","",""
"1251","wbyoung","2015-05-30 23:44:48","closed","1","",""
"1250","jridgewell","2015-05-30 18:01:26","closed","1","jdalton","2015-05-30 21:13:54"
"1242","steelsojka","2015-05-28 16:14:30","closed","1","jdalton","2015-06-02 13:38:22"
"1230","chrishiestand","2015-05-25 06:38:33","closed","1","jdalton","2015-05-25 16:36:24"
"1209","CodingFabian","2015-05-15 12:51:22","closed","1","",""
"1200","webcaetano","2015-05-12 01:15:46","closed","0","",""
"1195","mrjamesriley","2015-05-09 11:00:48","closed","1","",""
"1187","armaanahluwalia","2015-05-06 21:30:50","closed","1","jdalton","2015-05-06 21:45:57"
"1186","ignu","2015-05-06 14:29:51","closed","1","jdalton","2015-05-07 06:40:45"
"1182","ooflorent","2015-05-04 08:42:26","closed","0","",""
"1177","robrich","2015-04-30 23:01:46","closed","1","",""
"1173","forkfork","2015-04-29 11:33:03","closed","1","jdalton","2015-04-29 21:52:40"
"1167","megawac","2015-04-27 21:37:14","closed","2","",""
"1157","rheh","2015-04-21 21:07:46","closed","1","",""
"1156","rheh","2015-04-21 20:19:55","closed","1","jdalton","2015-04-21 23:48:16"
"1155","smmoosavi","2015-04-21 19:45:03","closed","1","",""
"1152","jlmorgan","2015-04-21 02:56:12","closed","0","",""
"1150","AaronO","2015-04-21 00:24:39","closed","1","",""
"1144","rheh","2015-04-19 20:01:00","closed","1","jdalton","2015-04-20 00:43:21"
"1143","rheh","2015-04-19 17:29:16","closed","1","",""
"1133","afc163","2015-04-16 06:27:18","closed","0","",""
"1130","ghost","2015-04-14 13:43:21","closed","0","",""
"1129","thirdcreed","2015-04-14 00:34:10","closed","9","jdalton","2015-04-18 14:47:37"
"1126","megawac","2015-04-12 05:20:37","closed","2","jdalton","2015-04-12 22:40:13"
"1125","megawac","2015-04-11 23:39:05","closed","1","jdalton","2015-04-12 03:02:21"
"1123","mcharytoniuk","2015-04-11 12:39:17","closed","0","",""
"1119","sankargorthi","2015-04-08 22:08:42","closed","0","jdalton","2015-04-08 22:16:33"
"1111","megawac","2015-04-06 19:42:45","closed","1","jdalton","2015-04-06 20:01:27"
"1110","panuhorsmalahti","2015-04-05 16:36:49","closed","1","",""
"1109","James-Dunn","2015-04-05 09:42:51","closed","2","jdalton","2015-04-05 16:56:03"
"1103","trvra","2015-04-01 06:36:23","closed","1","jdalton","2015-04-01 14:44:32"
"1092","jridgewell","2015-03-30 00:46:44","closed","1","jdalton","2015-03-30 01:25:59"
"1091","jridgewell","2015-03-29 19:22:44","closed","1","jdalton","2015-04-05 18:51:12"
"1090","jridgewell","2015-03-29 04:09:16","closed","2","jdalton","2015-03-29 04:57:47"
"1089","jpiccari","2015-03-28 21:26:09","closed","1","",""
"1087","octref","2015-03-27 17:02:04","closed","0","jdalton","2015-03-28 16:32:53"
"1083","remojansen","2015-03-26 17:21:47","closed","0","",""
"1082","jridgewell","2015-03-26 15:19:13","closed","1","jdalton","2015-03-26 15:43:14"
"1081","jpiccari","2015-03-26 06:28:47","closed","5","",""
"1066","venning","2015-03-21 06:45:21","closed","1","jdalton","2015-03-21 06:56:12"
"1062","Sigfried","2015-03-20 12:38:32","closed","1","",""
"1057","funkenstein","2015-03-17 19:23:34","closed","0","jdalton","2015-03-17 23:37:59"
"1056","jridgewell","2015-03-17 15:31:35","closed","1","jdalton","2015-03-17 15:38:43"
"1054","qsona","2015-03-15 16:51:37","closed","1","jdalton","2015-03-15 17:26:42"
"1053","qsona","2015-03-15 16:09:54","closed","1","jdalton","2015-03-15 16:14:19"
"1050","octref","2015-03-13 13:10:42","closed","0","demoneaux","2015-03-13 14:06:49"
"1042","bryce-gibson","2015-03-12 05:04:07","closed","2","jdalton","2015-03-12 07:37:45"
"1041","georgePadolsey","2015-03-11 19:30:21","closed","1","",""
"1036","soygul","2015-03-10 13:04:26","closed","1","jdalton","2015-03-10 14:48:43"
"1023","octref","2015-03-06 19:39:09","closed","0","jdalton","2015-03-06 19:55:29"
"1021","octref","2015-03-06 05:27:01","closed","0","jdalton","2015-03-07 07:00:20"
"1014","octref","2015-03-03 05:07:00","closed","0","jdalton","2015-03-03 05:13:45"
"1013","h7lin","2015-03-03 03:59:50","closed","0","jdalton","2015-03-03 04:07:08"
"1008","mohsen1","2015-02-27 18:07:34","closed","1","jdalton","2015-02-27 22:03:35"
"1006","h7lin","2015-02-27 10:04:38","closed","0","jdalton","2015-02-28 03:35:14"
"1005","octref","2015-02-27 05:05:08","closed","0","jdalton","2015-03-01 21:41:06"
"1004","parkr","2015-02-26 22:59:01","closed","0","",""
"996","julianocomg","2015-02-25 00:17:23","closed","1","jdalton","2015-02-25 02:15:26"
"987","thejameskyle","2015-02-21 23:46:01","closed","1","jdalton","2015-02-26 03:00:06"
"985","octref","2015-02-21 04:32:17","closed","0","",""
"984","jarrettmeyer","2015-02-20 22:56:09","closed","2","jdalton","2015-02-21 03:36:17"
"983","gitter-badger","2015-02-20 09:58:25","closed","0","",""
"970","austinpray","2015-02-15 19:30:59","closed","0","jdalton","2015-02-15 22:04:51"
"968","mzdv","2015-02-15 16:41:54","closed","4","jdalton","2015-02-15 22:48:32"
"961","megawac","2015-02-13 02:34:31","closed","1","jdalton","2015-02-13 03:16:52"
"959","megawac","2015-02-11 15:50:31","closed","1","",""
"956","qsona","2015-02-10 20:14:02","closed","1","",""
"942","ruimarinho","2015-02-08 03:14:00","closed","1","",""
"940","naholyr","2015-02-07 19:29:42","closed","3","jdalton","2015-02-08 21:42:24"
"933","PeterDaveHello","2015-02-05 12:42:29","closed","1","",""
"913","KhodeN","2015-02-02 10:36:26","closed","0","",""
"910","strathausen","2015-02-01 21:52:48","closed","0","",""
"908","thejameskyle","2015-01-31 23:12:14","closed","1","jdalton","2015-02-01 07:00:06"
"891","markstos","2015-01-28 01:57:46","closed","1","jdalton","2015-01-28 02:07:26"
"887","mreinstein","2015-01-27 18:58:32","closed","0","",""
"883","aeons","2015-01-27 14:36:40","closed","1","jdalton","2015-01-27 16:13:18"
"882","roxeteer","2015-01-27 13:48:29","closed","2","",""
"874","melck","2015-01-26 08:37:24","closed","1","",""
"850","gdi2290","2015-01-06 00:49:37","closed","1","",""
"842","bezoerb","2014-12-28 21:48:39","closed","1","jdalton","2014-12-29 14:24:56"
"836","internalfx","2014-12-20 03:14:00","closed","0","",""
"828","schickling","2014-12-14 11:29:39","closed","0","",""
"808","codespawner","2014-12-01 10:18:25","closed","1","",""
"800","svetlyak40wt","2014-11-26 21:06:33","closed","1","",""
"798","evgenyboxer","2014-11-26 12:57:19","closed","2","",""
"797","FilipZawada","2014-11-26 10:29:57","closed","1","",""
"793","FilipZawada","2014-11-22 16:26:26","closed","1","jdalton","2014-11-22 21:10:50"
"790","FilipZawada","2014-11-21 19:50:36","closed","1","jdalton","2014-11-21 22:02:42"
"789","FilipZawada","2014-11-21 16:01:41","closed","1","",""
"788","FilipZawada","2014-11-20 14:02:35","closed","1","jdalton","2014-11-20 19:31:48"
"781","aharpervc","2014-11-14 16:22:39","closed","1","",""
"777","FilipZawada","2014-11-14 01:35:58","closed","3","jdalton","2014-11-14 15:16:40"
"774","demoneaux","2014-11-13 08:27:45","closed","0","",""
"773","demoneaux","2014-11-13 08:10:09","closed","0","jdalton","2014-11-14 15:16:22"
"770","remko","2014-11-09 17:46:58","closed","0","",""
"764","EtaiG","2014-11-01 21:42:26","closed","0","",""
"754","jsdir","2014-10-21 06:00:14","closed","1","",""
"753","demoneaux","2014-10-21 02:35:07","closed","0","jdalton","2014-10-21 02:43:25"
"752","rambo-panda","2014-10-20 05:50:47","closed","20","",""
"751","zertosh","2014-10-18 20:10:18","closed","0","jdalton","2014-10-18 20:59:09"
"739","mcos","2014-10-10 21:29:04","closed","1","",""
"734","fixe","2014-10-06 13:38:33","closed","1","jdalton","2014-10-06 16:26:26"
"732","whmountains","2014-10-03 19:52:33","closed","0","",""
"727","demoneaux","2014-09-29 10:13:09","closed","0","",""
"726","demoneaux","2014-09-29 09:57:31","closed","0","",""
"716","jabclab","2014-09-19 15:41:42","closed","7","jdalton","2014-09-24 20:18:45"
"701","jquense","2014-09-03 02:42:43","closed","1","",""
"697","stevemao","2014-09-01 08:20:36","closed","1","",""
"683","jeremymoritz","2014-08-24 00:50:30","closed","0","",""
"680","cboden","2014-08-22 18:42:29","closed","0","",""
"678","FilipZawada","2014-08-21 20:31:44","closed","3358","",""
"677","nylen","2014-08-21 19:55:42","closed","1","",""
"674","demoneaux","2014-08-21 05:06:51","closed","0","",""
"673","demoneaux","2014-08-21 04:47:03","closed","0","",""
"661","demoneaux","2014-08-12 13:24:51","closed","0","jdalton","2014-08-12 16:17:56"
"639","breck7","2014-07-18 19:06:41","closed","1","jdalton","2014-07-18 20:48:25"
"637","demoneaux","2014-07-18 12:39:53","closed","0","jdalton","2014-07-18 13:36:18"
"636","demoneaux","2014-07-16 13:26:37","closed","0","",""
"634","demoneaux","2014-07-16 13:05:25","closed","0","jdalton","2014-07-16 15:38:52"
"630","jrajav","2014-07-15 15:42:34","closed","1","jdalton","2014-07-15 15:49:05"
"629","bertyhell","2014-07-15 11:46:38","closed","1","",""
"627","megawac","2014-07-14 17:49:57","closed","1","",""
"625","demoneaux","2014-07-14 07:39:27","closed","0","jdalton","2014-07-14 13:58:11"
"623","demoneaux","2014-07-14 07:02:53","closed","0","jdalton","2014-07-14 13:57:58"
"622","jthemphill","2014-07-13 21:01:13","closed","1","",""
"621","megawac","2014-07-13 19:54:59","closed","1","jdalton","2014-07-13 22:14:30"
"615","demoneaux","2014-07-11 09:06:19","closed","0","",""
"613","demoneaux","2014-07-11 03:30:13","closed","0","jdalton","2014-07-11 03:41:21"
"611","megawac","2014-07-09 14:46:54","closed","1","jdalton","2014-07-09 15:01:15"
"610","megawac","2014-07-09 14:29:26","closed","1","jdalton","2014-07-09 14:38:09"
"609","megawac","2014-07-08 05:29:37","closed","1","",""
"607","whatyouhide","2014-07-03 14:43:34","closed","0","",""
"604","protron","2014-06-30 20:44:23","closed","2","jdalton","2014-06-30 21:06:36"
"601","megawac","2014-06-27 19:44:24","closed","2","",""
"596","heff","2014-06-25 21:42:31","closed","13","",""
"595","megawac","2014-06-24 22:27:27","closed","1","jdalton","2014-06-24 22:50:04"
"587","chriscantu","2014-06-13 19:33:01","closed","6","",""
"585","phated","2014-06-12 00:38:24","closed","1","jdalton","2014-06-12 02:00:45"
"582","tavwizard","2014-06-10 16:13:56","closed","1","",""
"576","ZloyDyadka","2014-06-05 10:36:25","closed","0","",""
"572","dtpz","2014-06-01 12:36:03","closed","0","",""
"571","demoneaux","2014-05-31 00:48:29","closed","0","jdalton","2014-05-31 13:29:47"
"568","alexeld","2014-05-28 19:51:49","closed","0","jdalton","2014-05-31 16:46:15"
"566","mathiasbynens","2014-05-23 08:38:48","closed","0","jdalton","2014-05-23 15:51:36"
"559","demoneaux","2014-05-15 20:08:32","closed","0","jdalton","2014-05-15 20:15:53"
"555","lazywithclass","2014-05-12 18:58:32","closed","1","",""
"553","demoneaux","2014-05-12 03:12:08","closed","0","jdalton","2014-05-12 03:23:21"
"550","philmander","2014-05-10 10:46:57","closed","3","",""
"548","dwillie","2014-05-09 06:12:23","closed","3","",""
"543","afc163","2014-05-07 07:52:31","closed","0","",""
"542","nguyenchr","2014-05-06 23:51:05","closed","1","",""
"541","danallison","2014-05-06 17:17:47","closed","1","jdalton","2014-05-06 17:56:43"
"535","maxbucknell","2014-04-29 11:09:13","closed","1","jdalton","2014-04-29 14:19:47"
"532","timmywil","2014-04-24 20:42:48","closed","1","",""
"529","jugglinmike","2014-04-19 00:40:11","closed","1","jdalton","2014-04-19 00:56:43"
"525","traviskaufman","2014-04-13 16:57:52","closed","0","",""
"522","maurizi","2014-04-09 04:01:16","closed","1","",""
"520","demoneaux","2014-04-06 13:53:08","closed","0","jdalton","2014-04-06 18:19:05"
"515","sausaw","2014-03-31 11:19:14","closed","1","",""
"510","demoneaux","2014-03-25 14:16:18","closed","0","jdalton","2014-03-25 14:27:13"
"509","demoneaux","2014-03-25 03:31:38","closed","0","jdalton","2014-03-25 04:57:14"
"508","demoneaux","2014-03-25 03:27:59","closed","0","jdalton","2014-03-25 04:48:17"
"504","peledkfir","2014-03-21 21:22:06","closed","1","",""
"493","jwerre","2014-03-10 18:01:19","closed","0","",""
"490","danallison","2014-03-01 06:48:47","closed","0","",""
"486","rexxars","2014-02-22 11:08:33","closed","0","jdalton","2014-02-22 18:03:19"
"480","BrynM","2014-02-17 22:32:17","closed","3","",""
"474","demoneaux","2014-02-13 07:46:13","closed","0","jdalton","2014-02-13 07:59:07"
"470","aphix","2014-02-09 19:29:33","closed","1","",""
"466","aearly","2014-01-29 21:34:27","closed","1","jdalton","2014-01-29 21:50:46"
"464","trashhalo","2014-01-29 04:39:11","closed","1","jdalton","2014-01-29 04:53:32"
"458","mzgoddard","2014-01-22 17:27:23","closed","1","jdalton","2014-01-22 19:46:51"
"454","pistacchio","2014-01-16 17:56:44","closed","1","jdalton","2014-01-17 05:16:12"
"453","pistacchio","2014-01-16 14:25:10","closed","1","",""
"451","hansman","2014-01-14 23:01:10","closed","1","jdalton","2014-01-15 03:04:18"
"449","bluej100","2014-01-13 18:42:11","closed","0","",""
"448","demoneaux","2014-01-11 00:19:00","closed","0","jdalton","2014-01-11 04:50:24"
"435","demoneaux","2013-12-21 13:16:43","closed","0","jdalton","2013-12-21 15:41:32"
"433","TheBox193","2013-12-19 22:46:42","closed","0","",""
"432","demoneaux","2013-12-19 03:03:17","closed","0","jdalton","2013-12-19 07:09:01"
"430","braddunbar","2013-12-16 21:09:37","closed","0","jdalton","2013-12-16 21:15:16"
"429","demoneaux","2013-12-14 10:49:48","closed","0","jdalton","2013-12-14 11:01:29"
"428","dashed","2013-12-13 15:05:01","closed","1","",""
"426","mathiasbynens","2013-12-11 16:53:24","closed","1","jdalton","2013-12-11 17:00:51"
"422","ryanve","2013-12-07 02:08:07","closed","0","jdalton","2013-12-07 03:24:06"
"421","robertmesserle","2013-12-06 17:33:54","closed","1","jdalton","2013-12-07 03:02:40"
"420","dr-skot","2013-12-05 14:22:33","closed","4","jdalton","2013-12-05 16:35:14"
"419","jawb","2013-12-04 22:10:40","closed","2","",""
"416","demoneaux","2013-12-02 10:45:26","closed","0","",""
"413","bitdeli-chef","2013-12-01 17:52:49","closed","0","jdalton","2013-12-01 17:55:35"
"412","alsotang","2013-12-01 12:33:37","closed","1","",""
"411","alsotang","2013-12-01 06:46:33","closed","1","",""
"406","Delapouite","2013-11-27 09:15:25","closed","1","jdalton","2013-11-27 09:43:31"
"404","eamodio","2013-11-22 19:45:56","closed","1","",""
"396","Delapouite","2013-11-13 16:13:41","closed","1","jdalton","2013-11-13 17:46:53"
"389","jayphelps","2013-11-06 02:53:56","closed","1","jdalton","2013-11-06 03:04:13"
"388","NickHeiner","2013-11-03 21:35:47","closed","4","",""
"387","NickHeiner","2013-11-03 21:08:00","closed","1","",""
"381","donnut","2013-10-30 10:06:32","closed","1","",""
"376","pimterry","2013-10-28 11:22:13","closed","8","jdalton","2013-10-28 15:22:40"
"374","skyh","2013-10-26 19:00:07","closed","0","",""
"372","Deraen","2013-10-23 06:42:05","closed","1","",""
"370","mc10","2013-10-20 21:05:22","closed","0","jdalton","2013-10-20 23:38:23"
"369","mc10","2013-10-20 20:18:34","closed","0","jdalton","2013-10-20 20:56:06"
"368","mehdishojaei","2013-10-15 12:51:35","closed","0","",""
"367","codylindley","2013-10-14 16:21:58","closed","1","",""
"355","urbany","2013-09-19 18:05:42","closed","0","",""
"335","NickHeiner","2013-08-29 01:30:53","closed","1","",""
"327","stereokai","2013-08-03 08:36:32","closed","1","jdalton","2013-08-03 17:56:29"
"322","sindresorhus","2013-07-20 12:43:12","closed","0","",""
"318","tomByrer","2013-07-15 09:26:05","closed","0","",""
"312","thaumant","2013-07-06 20:17:41","closed","0","",""
"310","blacktail","2013-07-03 02:54:31","closed","1","",""
"302","OliverJAsh","2013-06-16 15:06:27","closed","1","",""
"291","sivavisakan","2013-06-03 18:31:02","closed","1","",""
"268","trvski","2013-05-11 14:15:44","closed","0","",""
"266","artch","2013-05-10 15:14:10","closed","1","",""
"254","cederberg","2013-04-26 10:16:15","closed","0","",""
"253","ajoslin","2013-04-24 03:10:33","closed","1","jdalton","2013-04-24 03:14:24"
"251","chrisjhoughton","2013-04-23 14:47:42","closed","0","",""
"232","d8uv","2013-04-09 01:35:35","closed","1","",""
"230","sindresorhus","2013-04-07 23:51:48","closed","0","",""
"202","drewish","2013-03-03 21:09:43","closed","0","jdalton","2013-03-03 21:44:11"
"198","DavidMikeSimon","2013-02-27 21:05:54","closed","3","",""
"196","jgable","2013-02-26 19:47:35","closed","1","",""
"192","phated","2013-02-24 02:50:35","closed","1","jdalton","2013-02-24 06:55:18"
"175","timmywil","2013-02-08 19:56:32","closed","2","jdalton","2013-02-08 20:46:49"
"170","paulmillr","2013-01-26 01:23:05","closed","0","jdalton","2013-01-26 03:40:13"
"152","terinjokes","2013-01-04 10:26:36","closed","0","jdalton","2013-01-04 14:15:27"
"142","danheberden","2012-12-18 18:19:38","closed","4","jdalton","2012-12-19 03:14:00"
"138","terinjokes","2012-12-12 00:55:47","closed","0","",""
"132","ashaffer","2012-12-04 07:42:33","closed","1","",""
"129","Rob-ot","2012-12-03 06:32:54","closed","1","",""
"128","KidsKilla","2012-11-30 12:35:12","closed","0","",""
"119","jdalton","2012-11-19 06:01:12","closed","8","jdalton","2012-11-20 15:52:11"
"118","leventov","2012-11-17 22:21:03","closed","3","",""
"108","KidsKilla","2012-11-09 17:59:25","closed","0","",""
"107","zerodogg","2012-11-09 13:05:45","closed","1","",""
"104","Mortimerp9","2012-11-05 16:46:55","closed","0","",""
"102","ryanramage","2012-11-03 22:25:37","closed","1","jdalton","2012-11-03 22:27:24"
"96","terinjokes","2012-10-22 19:03:53","closed","0","kitcambridge","2012-10-22 19:14:37"
"93","lfac-pt","2012-10-16 14:29:51","closed","2","",""
"90","arhea","2012-10-12 03:33:34","closed","0","",""
"87","danheberden","2012-10-09 20:55:22","closed","1","jdalton","2012-10-09 20:56:59"
"83","jsdnxx","2012-10-03 03:01:36","closed","3","",""
"70","benekastah","2012-09-08 04:37:16","closed","1","",""
"65","braddunbar","2012-09-02 15:03:16","closed","0","",""
"58","sjonnet19","2012-08-13 13:02:17","closed","0","",""
"50","jayphelps","2012-07-16 23:38:02","closed","1","jdalton","2012-07-17 00:01:07"
"41","node-migrator-bot","2012-07-07 07:59:38","closed","1","",""
"39","davidmurdoch","2012-06-28 14:19:08","closed","3","",""
"38","davidmurdoch","2012-06-28 14:18:26","closed","2","jdalton","2012-06-29 05:21:18"
"37","davidmurdoch","2012-06-28 14:15:45","closed","1","jdalton","2012-06-29 05:21:20"
"35","tomByrer","2012-06-20 02:41:53","closed","0","jdalton","2012-06-26 07:31:44"
"32","cheeaun","2012-06-15 08:06:44","closed","1","",""
"23","bolgovr","2012-06-07 13:05:30","closed","1","",""
"18","mathiasbynens","2012-05-29 13:51:19","closed","1","",""
"17","thorlarholm","2012-05-29 11:46:09","closed","1","",""
"9","sindresorhus","2012-05-15 19:47:33","closed","0","jdalton","2012-05-20 04:11:09"
"7","mc0","2012-05-10 05:27:52","closed","1","",""
"5","gf3","2012-04-27 05:37:51","closed","2","",""
"4","lancejpollard","2012-04-26 09:21:25","closed","0","",""
"3","pdokas","2012-04-23 22:44:19","closed","0","",""
"2","kitcambridge","2012-04-23 19:37:02","closed","4","jdalton","2012-04-24 03:18:47"
"1","kitcambridge","2012-04-23 02:49:19","closed","0","jdalton","2012-04-23 03:34:50"
